{"cameraMode":{"drawMode":0,"name":"Shaded","section":"Shading Mode"},"sceneLighting":false,"audioPlay":false,"sceneViewState":{"showFog":true,"showMaterialUpdate":false,"showSkybox":false,"showFlares":true,"showImageEffects":true,"showParticleSystems":true},"in2DMode":false,"pivot":{"x":-0.034532446414232257,"y":-0.02465769648551941,"z":-0.036117419600486758},"rotation":{"x":-0.09783687442541123,"y":-0.161387637257576,"z":0.016074350103735925,"w":-0.9819144010543823},"size":0.24352924525737763,"orthographic":false}